skin concerns,result
pimple,moisturize
blackheads,salicylic acid
fine lines,retinol
dehydrated skin,hyaluronic acid
acne scars,alpha arbutin
dark spots,vitamin C serum
large pores,niacinamide
uneven skin tone,azelaic acid
wrinkles,peptides
oiliness,clay mask
dryness,ceramides
redness,centella asiatica
sensitivity,calming serum
dullness,exfoliating acids
under eye bags,caffeine eye cream
crow's feet,eye serum
sagging skin,firming cream
hyperpigmentation,kojic acid
uneven texture,exfoliating scrub
whiteheads,retinoids
pimple,spot treatment
fine lines,wrinkle cream
dehydrated skin,moisture barrier
acne scars,scar gel
dark spots,brightening serum
large pores,pore minimizer
wrinkles,anti-aging serum
oiliness,mattifying lotion
dryness,hydrating mask
redness,soothing balm
sensitivity,calming mask
dullness,illuminating primer
under eye bags,eye gel patches
crow's feet,firming eye cream
sagging skin,lifting serum
hyperpigmentation,lightening cream
uneven texture,smoothing serum
whiteheads,clarifying lotion
blackheads,blackhead strips
pimple,acne patch
fine lines,wrinkle serum
dehydrated skin,humectant
acne scars,derma roller
dark spots,spot corrector
large pores,pore cleanser
wrinkles,plumping mask
oiliness,sebum controller
dryness,moisturizing oil
redness,redness reducer
sensitivity,sensitive skin care
dullness,revitalizing mask
under eye bags,eye cream
crow's feet,anti-wrinkle cream
sagging skin,tightening cream
hyperpigmentation,skin lightening
uneven texture,texture refiner
whiteheads,pore strips
blackheads,exfoliating cleanser
pimple,acne gel
fine lines,anti-aging cream
dehydrated skin,hydration booster
acne scars,skin regenerator
dark spots,dark spot corrector
large pores,pore unclogger
wrinkles,wrinkle corrector
oiliness,oil control gel
dryness,dry skin relief
redness,redness reducing treatment
sensitivity,soothing lotion
dullness,brightening mask
under eye bags,eye treatment
crow's feet,wrinkle filler
sagging skin,facial firming serum
hyperpigmentation,pigmentation treatment
uneven texture,texture smoothing cream
whiteheads,exfoliating pads
blackheads,blackhead remover
pimple,acne ointment
fine lines,wrinkle reducer
dehydrated skin,moisture lock
acne scars,scar removal cream
dark spots,age spot reducer
large pores,pore refining solution
wrinkles,wrinkle firming serum
oiliness,oil-absorbing powder
dryness,skin nourishing cream
redness,anti-redness cream
sensitivity,sensitive skin solution
dullness,radiance boosting serum
under eye bags,eye brightening cream
crow's feet,anti-aging eye cream
sagging skin,firming lotion
hyperpigmentation,skin brightening gel
uneven texture,skin refining toner
whiteheads,blackhead extractor
pimple,spot gel
fine lines,wrinkle repair cream
dehydrated skin,moisture serum
acne scars,scar reduction gel
dark spots,dark spot treatment
large pores,pore clearing gel
wrinkles,wrinkle reversal serum
oiliness,shine control lotion
dryness,skin repair cream
redness,anti-inflammatory serum
sensitivity,hypoallergenic moisturizer
dullness,skin polishing scrub
under eye bags,eye firming cream
crow's feet,wrinkle reducing cream
sagging skin,facial firming cream
hyperpigmentation,pigmentation corrector
uneven texture,skin resurfacing cream
whiteheads,whitehead extracting tool
blackheads,blackhead scrub
pimple,acne fighting solution
fine lines,wrinkle eliminating cream
dehydrated skin,moisture boost
acne scars,scar healing gel
dark spots,brightening cream
large pores,pore minimizing treatment
wrinkles,anti-wrinkle treatment
oiliness,oil-free moisturizer
dryness,intensive hydration mask
redness,calming treatment
sensitivity,gentle skin care products
dullness,radiance-enhancing serum
under eye bags,eye brightening serum
crow's feet,firming eye gel
sagging skin,lifting treatment
hyperpigmentation,skin lightening serum
uneven texture,skin resurfacing serum
whiteheads,pore clearing strips
blackheads,blackhead eraser
pimple,acne spot gel
fine lines,wrinkle reducing serum
dehydrated skin,moisture infusion
acne scars,scar repair cream
dark spots,age spot lightening serum
large pores,pore unclogging solution
wrinkles,wrinkle smoothing cream
oiliness,oil-control serum
dryness,skin barrier repair
redness,redness reducing cream
sensitivity,sensitive skin moisturizer
dullness,brightening face mask
under eye bags,eye brightening treatment
crow's feet,anti-aging eye serum
sagging skin,facial firming gel
hyperpigmentation,pigmentation serum
uneven texture,skin resurfacing treatment
whiteheads,pore cleaning tool
blackheads,blackhead extractor tool
pimple,acne treatment gel
fine lines,wrinkle revitalizing serum
dehydrated skin,moisture sealing cream
acne scars,scar reduction serum
dark spots,spot lightening serum
large pores,pore tightening serum
wrinkles,wrinkle repair serum
oiliness,oil-absorbing serum
sun damage,oil-free cleanser
fine lines,hyaluronic acid
oily skin,hyaluronic acid
dehydrated skin,hydrating cleanser
blackheads,hyaluronic acid
sun damage,retinol
dry skin,SPF sunscreen
pimples,retinol
sun damage,hydrating cleanser
oily skin,vitamin C serum
oily skin,SPF sunscreen
sun damage,SPF sunscreen
blackheads,SPF sunscreen
dark spots,hydrating cleanser
dry skin,moisturize
pimples,hyaluronic acid
fine lines,moisturize
blackheads,vitamin C serum
fine lines,SPF sunscreen
blackheads,moisturize
oily skin,salicylic acid
dry skin,vitamin C serum
dark spots,oil-free cleanser
dark spots,SPF sunscreen
dark spots,hyaluronic acid
dry skin,hydrating cleanser
dehydrated skin,moisturize
dark spots,salicylic acid
sun damage,vitamin C serum
oily skin,hydrating cleanser
dehydrated skin,retinol
pimples,moisturize
pimples,vitamin C serum
dehydrated skin,salicylic acid
dry skin,oil-free cleanser
dark spots,retinol
oily skin,moisturize
fine lines,hydrating cleanser
dark spots,moisturize
sun damage,salicylic acid
blackheads,hydrating cleanser
dry skin,retinol
pimples,hydrating cleanser
sun damage,moisturize
pimples,salicylic acid
blackheads,oil-free cleanser
dehydrated skin,oil-free cleanser
sun damage,hyaluronic acid
dry skin,hyaluronic acid
fine lines,oil-free cleanser
oily skin,oil-free cleanser
oily skin,retinol
fine lines,vitamin C serum
dry skin,salicylic acid
pimples,SPF sunscreen
blackheads,retinol
dehydrated skin,vitamin C serum
pimples,oil-free cleanser
dehydrated skin,SPF sunscreen
fine lines,salicylic acid
